"n_trials","n","p","elapsed_time_secs_mean","elapsed_time_secs_sd","mean_ARI","sd_ARI","mean_FMI","sd_FMI","mean_AMI","sd_AMI"
4,500,2,2.39938741922378,0.709330112852013,0.940276313381406,0.0149945698126215,0.95135072619217,0.0118899187615899,0.936817985396636,0.0142099534711299
